 <?xml version="1.0" encoding="utf-8"?>   <!DOCTYPE install SYSTEM "http://dev.joomla.org/xml/1.5/plugin-install.dtd">   <install version="1.5" type="plugin" group="user">       <name>Joomla! Back End Snitch</name>       <author>kostas@creativecollective.gr</author>       <authorEmail>kostas@creativecollective.gr</authorEmail>       <authorUrl>www.creativecollective.gr</authorUrl>       <creationDate>03-2012</creationDate>       <copyright>Copyright Notice</copyright>       <license>Plugin License Agreement</license>       <version>1.0.0</version>       <description>Back End Login Email Reporting System</description>       <files>           <filename plugin="snitch">snitch.php</filename>		</files>       <params>		<param name="sendto" type="text" default="" label="Mail to notify login" description="Mail to notify login" size="25" />		</params>   </install>